time,X0,X1,X2,X3,X4
0.0,0.99,0.01,0.0,0.0,0.0
1.0067114093959733,0.9827318921324196,0.01468909817068631,0.001188498410781359,0.0012563866020084051,0.0001341246841042215
2.0134228187919465,0.9721840292152469,0.021458935185424306,0.0028485505327997644,0.003154737863778725,0.0003537472027502425
3.0201342281879198,0.9570258098527394,0.031118700313466544,0.005188510079163251,0.005971872256755988,0.0006951074978746911
4.026845637583893,0.9355826289323707,0.04463103029225884,0.00848968909721211,0.010088051277804003,0.0012086004003543866
5.033557046979866,0.9059776346987304,0.0629670298569919,0.01310263617108609,0.015992268403736614,0.0019604308694549763
6.0402684563758395,0.865998228752224,0.08716565591791262,0.019480170295021595,0.024319156180995505,0.0030367888538462874
7.046979865771813,0.8142629770726142,0.11737836630714228,0.02806944317552145,0.03575338272788753,0.004535830716834505
8.053691275167786,0.750565649295784,0.15261616804517913,0.03926776113494361,0.050986850339560234,0.0065635711845331
9.060402684563758,0.676485864985141,0.190448907407821,0.053287645821410864,0.0705620714394315,0.009215510346195726
10.067114093959733,0.596664718065494,0.22621774840190634,0.06993288066231657,0.09463368404332467,0.01255096882695848
11.073825503355707,0.5159389847510558,0.25587146675906947,0.08866889708366378,0.12294225595238284,0.016578395453828165
12.080536912751679,0.4389863420839166,0.27631222858772464,0.10863388558347553,0.15481369750434104,0.021253846240542294
13.087248322147651,0.370100381734847,0.28554012253530126,0.12866946310770933,0.18920303306988256,0.02648699955225992
14.093959731543626,0.31099656584551494,0.2840935176203949,0.14769923808176239,0.22503925160208013,0.03217142685024773
15.1006711409396,0.26240881564453733,0.2735110327912681,0.16480960901519606,0.2611197907558352,0.03815075179316341
16.107382550335572,0.224277801674298,0.25565841145166,0.17932953372420263,0.29644934274723655,0.04428491040260288
17.114093959731544,0.19554554157339593,0.2328296009616728,0.19085933780629058,0.3303044382730017,0.05046108138563904
18.120805369127517,0.17415540007664515,0.20774675263777143,0.1992707146402847,0.362233446510477,0.056593686134821714
19.127516778523493,0.15705208901507497,0.18356022175278372,0.204706725386326,0.3920565751176376,0.06262438872817765
20.134228187919465,0.1416536420987769,0.16244529240485928,0.20755156788921053,0.4198313825251467,0.0685181150820067
21.140939597315437,0.12922651347153702,0.1427089620477457,0.2081948698537187,0.44562776600711307,0.07424188861988562
22.147651006711413,0.11922951515354877,0.1245137813208243,0.20697226828790818,0.4695150765499652,0.07976935868775366
23.154362416107386,0.11109935186833778,0.10805864452599542,0.2041854312785954,0.4915753071321599,0.08508126519491156
24.161073825503358,0.1044290787686239,0.0934033302443756,0.20010106795980168,0.5119013522629993,0.09016517076419964
25.16778523489933,0.09896810143632137,0.08046850133629783,0.19495092851275325,0.53059700798263,0.0950154607319976
26.174496644295303,0.09457576304966946,0.06906609197668939,0.18894725202101803,0.5477790199634698,0.09963187298915345
27.18120805369128,0.09096469775534925,0.059113216671132146,0.18233536031093805,0.5635744043277126,0.10401232093486808
28.18791946308725,0.08799612212468857,0.05048446043641974,0.17526793401102236,0.5780897756565283,0.10816170777134108
29.194630872483224,0.08556739780019255,0.04304151814574226,0.16787831482530902,0.5914265784342203,0.11208619079453595
30.2013422818792,0.0835800945495174,0.03665044839920069,0.16029393632647182,0.6036834798086687,0.1157920409161415
31.208053691275172,0.08193999026547034,0.031181673523806998,0.15263632395582033,0.6149563695913305,0.11928564266357183
32.214765100671144,0.0805570709660096,0.02650997957348397,0.1450210950232998,0.6253383602572401,0.12257349417996656
33.22147651006712,0.07937967300046801,0.022542816251466785,0.13751810686080665,0.6348972793835588,0.1256621245036999
34.22818791946309,0.0783971206415885,0.01918017067293919,0.13015969099697178,0.6437003910719364,0.12856262661656423
35.234899328859065,0.07756944278123518,0.016291147541681917,0.1230111200202322,0.6518405548239835,0.13128773483286726
36.241610738255034,0.07686601163329275,0.013783427608845874,0.11611452180366563,0.659388044228289,0.13384799472590683
37.24832214765101,0.07626598425862985,0.011603800774387144,0.10948831631346304,0.6663901536266963,0.13625174502682377
38.255033557046985,0.07575830256509908,0.009738166087067103,0.10312721560892894,0.672871198114303,0.13850511762460205
39.261744966442954,0.07534132635662798,0.008209789686232951,0.09700324636766236,0.6788335048044364,0.1406121327850404
40.26845637583893,0.07499554555144332,0.006946677648630458,0.09114242433490741,0.6843331881688836,0.14258216429613538
41.275167785234906,0.07470438705917147,0.005877494524753892,0.08556662921811858,0.6894263819185478,0.1444251072794084
42.281879194630875,0.0744626852790884,0.0049845616784342595,0.0802662858691307,0.6941385738016229,0.14614789337172382
43.28859060402685,0.07426379159876118,0.004245003402841374,0.07523568106794003,0.6984979461746531,0.14775757775580445
44.29530201342283,0.07409957439404795,0.003630746920483887,0.07047296352270452,0.702535376002532,0.14926133916023165
45.302013422818796,0.073960419029098,0.0031085223832092697,0.0659801438697437,0.7062844348585038,0.1506664798594454
46.30872483221477,0.07383574657631341,0.0026416402876007572,0.06176190683984721,0.7097803629805873,0.15198034331565125
47.31543624161074,0.07372671407069206,0.002233583514090034,0.05779695696387385,0.7130345837321047,0.15320816171923934
48.322147651006716,0.07363488992190041,0.0018893239549515584,0.05406467042093739,0.7160564893916962,0.15435462631051447
49.32885906040269,0.07355840546474804,0.0016019996760578735,0.050553147326098925,0.7188617068970266,0.15542474063606862
50.33557046979866,0.07349505157866094,0.0013635017951103916,0.04725198518629239,0.7214660894597738,0.15642337198016254
51.34228187919464,0.07344227868768159,0.0011644744816393928,0.044152278900324395,0.7238857165656287,0.15735525136472592
52.348993288590606,0.0733971967604689,0.000994314957004031,0.041246620758874496,0.7261368939742955,0.15822497354935716
53.35570469798658,0.07335701394684745,0.0008427711642393517,0.038528045336135186,0.7282352450773836,0.15903692447539441
54.36241610738256,0.07332239755001273,0.0007122028755610437,0.035982221813147836,0.7301885350921811,0.15979464266909726
55.369127516778526,0.07329331091501762,0.0006024266204709605,0.033597584007653274,0.7320052052716856,0.16050147318517258
56.3758389261745,0.07326915138766532,0.0005111847451867736,0.031364512463420605,0.7336944616013509,0.16116068980237636
57.38255033557048,0.07324917628283246,0.00043569416822753784,0.029274269684255436,0.7352654233267073,0.1617754365379772
58.38926174496645,0.07323250288446911,0.0003726463804136869,0.027319000133999786,0.7367271229533612,0.16234872764775626
59.39597315436242,0.07321810844559869,0.00031820744486703366,0.025491730236532107,0.7380885062469948,0.16288344762600732
60.4026845637584,0.07320506266504537,0.0002688833368068363,0.023785769677329677,0.7393579636983546,0.16338232062246355
61.40939597315437,0.07319367205205542,0.00022581153520427431,0.022192163130733005,0.7405407132027338,0.16384764007927347
62.416107382550344,0.0731842826248841,0.00019030041576332727,0.02070268007458892,0.7416412831788467,0.16428145370591687
63.42281879194631,0.07317693564925978,0.00016250829694314876,0.019310178450631738,0.7426646121710158,0.16468576543214955
64.42953020134229,0.07317138962020885,0.00014152388212928876,0.018008530149570132,0.7436160184626841,0.16506253788540765
65.43624161073826,0.07316712026205573,0.0001253662596336952,0.016792621011087173,0.7445012000764157,0.16541369239080764
66.44295302013424,0.07316332052842281,0.0001109849026947132,0.015658350823840303,0.7453262347738957,0.16574110897114647
67.4496644295302,0.07315906721259477,9.488955646832188e-05,0.014602230598061587,0.7460972175164352,0.16604659511644018
68.45637583892618,0.07315506439547728,7.974212305002733e-05,0.01361733066016273,0.7468163503296574,0.16633151249165257
69.46308724832215,0.07315171615275275,6.707095283778146e-05,0.012698026154976715,0.7474860734765755,0.16659711326285737
70.46979865771813,0.07314906217144937,5.702650201986178e-05,0.011839824683362313,0.7481094405947664,0.16684464604840213
71.4765100671141,0.07314704648523389,4.9397208614329426e-05,0.011038684081573037,0.7486895573345106,0.16707531489006822
72.48322147651007,0.07314551747441161,4.360949246902914e-05,0.010291012421257136,0.7492295813587914,0.16729027925307088
73.48993288590604,0.07314422786592635,3.8727755261589066e-05,0.009593668009457573,0.7497327223432952,0.16749065402605923
74.49664429530202,0.07314283902378843,3.3470612329781216e-05,0.008943945769705463,0.7502022349513384,0.16767750964283795
75.503355704698,0.07314133829930114,2.7790039094610568e-05,0.008338460743266999,0.7506405865397924,0.1678518243785449
76.51006711409397,0.07313997678171724,2.2636281600438597e-05,0.007773742516212373,0.7510492752938747,0.16801436912659526
77.51677852348995,0.07313887054769339,1.844879031160833e-05,0.007246937254375167,0.7514298861750341,0.16816585723258576
78.52348993288591,0.07313808488123903,1.5474733271415556e-05,0.006755415896940627,0.7517840420209523,0.16830698246759668
79.53020134228188,0.07313763427371651,1.3768996102108706e-05,0.006296774156445646,0.752113403545544,0.16843841902819168
80.53691275167786,0.07313748242384095,1.3194182004889061e-05,0.005868832518778799,0.7524196693389573,0.16856082153641805
81.54362416107384,0.0731375422376803,1.3420611759910613e-05,0.00546963624318032,0.7527045758675731,0.16867482503980638
82.55033557046981,0.07313767582865537,1.3926323726280092e-05,0.005097455362242102,0.7529698974740053,0.16878104501137092
83.55704697986577,0.07313769451753974,1.3997073842056921e-05,0.00475078468190771,0.7532174463771012,0.1688800773496093
84.56375838926175,0.0731373599486688,1.273056101583769e-05,0.00442834094412888,0.7534490703381246,0.1689724982080619
85.57046979865773,0.07313680420256494,1.0626763645013955e-05,0.0041280790791626346,0.7536657141547125,0.16905877579991496
86.5771812080537,0.0731362951999289,8.699899081743065e-06,0.0038479844894801904,0.7538677701817912,0.16913925022971799
87.58389261744968,0.07313586046193112,7.054158454994583e-06,0.0035867648585473943,0.7540560539823551,0.16921426653871147
88.59060402684565,0.07313551769100926,5.756561781793031e-06,0.003343193589925007,0.7542313725355303,0.16928415962175367
89.59731543624162,0.07313527477086822,4.8369579672178985e-06,0.003116109807268704,0.754394524236575,0.1693492542273208
90.60402684563759,0.07313512976648008,4.2880248044036096e-06,0.002904418354329065,0.7545462988968797,0.1694098649575068
91.61073825503357,0.07313507092408415,4.065268974539587e-06,0.0027070897949515926,0.7546874777439663,0.16946629626802345
92.61744966442954,0.07313507667118692,4.087026046870195e-06,0.0025231604130766987,0.7548188334214891,0.16951884246820045
93.62416107382552,0.07313511561656214,4.23446047869477e-06,0.002351732212739708,0.7549411299892342,0.16956778772098524
94.63087248322148,0.0731351465502507,4.351565615367595e-06,0.0021919729180708593,0.7550551229231199,0.16961340604294312
95.63758389261746,0.07313511844356077,4.2451636902979386e-06,0.0020431159732952993,0.7551615591151964,0.16965596130425725
96.64429530201343,0.07313498000377774,3.72107676888591e-06,0.0019044639843385398,0.7552611370882916,0.16969569784682326
97.65100671140941,0.07313481700074277,3.1040000829599314e-06,0.0017753804092587766,0.7553539764416922,0.16973272214822335
98.65771812080538,0.0731346697381131,2.5465102507261235e-06,0.001655149412167059,0.7554404310334613,0.1697672033060079
99.66442953020135,0.07313454074635839,2.0581872928663666e-06,0.0015430814597732544,0.7555209835012631,0.1697993361053125
100.67114093959732,0.07313443169656587,1.6453578096479202e-06,0.0014385413155535672,0.7555960810567471,0.16982930057332388
101.6778523489933,0.07313434340044034,1.3110949809234688e-06,0.001340948039750549,0.7556661354855486,0.1698572619792796
102.68456375838927,0.0731342758103041,1.0552185661310918e-06,0.0012497749893730919,0.7557315231472885,0.16988337083446825
103.69127516778525,0.07313422801909704,8.742949042942668e-07,0.0011645498181964298,0.755792584975573,0.16990776289222934
104.69798657718121,0.07313419826037657,7.616369140218796e-07,0.0010848544767621407,0.7558496264779939,0.16993055914795335
105.70469798657719,0.07313418390831766,7.073040935082065e-07,0.001010325212378141,0.7559029177361289,0.16995186583908173
106.71140939597316,0.07313418147771285,6.981025205329362e-07,0.0009406525691186922,0.755952693405541,0.1699717744451069
107.71812080536914,0.07313418662397218,7.17584852461158e-07,0.0008755813878243977,0.7559991527157789,0.16999036168757217
108.72483221476512,0.07313419414312328,7.460503262433559e-07,0.0008149108061022026,0.7560424594703764,0.1700076895300719
109.73154362416109,0.07313419797181128,7.605447584154232e-07,0.0007584942583253949,0.7560827420468536,0.17002380517825136
110.73825503355705,0.07313419118729893,7.3486054509865e-07,0.0007062394756336041,0.7561200933967156,0.1700387410798068
111.74496644295303,0.0731341671224172,6.43757561484659e-07,0.0006580929412054017,0.756154577793034,0.17005251838578195
112.751677852349,0.07313413905377922,5.374974008445659e-07,0.0006136689110649584,0.7561864188992964,0.17006523563845855
113.75838926174498,0.07313411367070403,4.4140400802724e-07,0.0005724920565724325,0.7562159301026833,0.17007702276603218
114.76510067114096,0.07313409135771709,3.5693310456570714e-07,0.000534187957048679,0.7562433773442945,0.17008798640783515
115.77181208053692,0.07313407236942217,2.850485620113325e-07,0.0004984268148467016,0.7562689951992041,0.17009822056796506
116.7785234899329,0.07313405683050131,2.2622240193381708e-07,0.000464923455351651,0.7562929868764605,0.17010780661528463
117.78523489932887,0.07313404473571489,1.8043479592120308e-07,0.0004334373269808274,0.7563155242190865,0.17011681328342185
118.79194630872485,0.07313403594990159,1.4717406557987006e-07,0.000403772501183679,0.7563367477040793,0.17012529667076987
119.79865771812082,0.07313403020797839,1.254366825345361e-07,0.0003757776724418019,0.7563567664424102,0.17013330024048706
120.8053691275168,0.07313402711494058,1.1372726842825805e-07,0.0003493461582689408,0.7563756581790251,0.170140854820497
121.81208053691276,0.07313402614586174,1.1005859492243048e-07,0.00032441589921098886,0.7563934692928439,0.1701479786034885
122.81879194630874,0.0731340266458938,1.1195158369678684e-07,0.0003009694588459861,0.7564102147967611,0.17015467714691546
123.82550335570471,0.07313402783026696,1.1643530644939896e-07,0.0002790340237841225,0.7564258783376453,0.17016094337299717
124.83221476510069,0.0731340287842897,1.2004698489667753e-07,0.00025868140366773555,0.7564404121963397,0.17016675756871796
125.83892617449666,0.07313402846334889,1.1883199077337065e-07,0.00024002803117131064,0.7564537372876616,0.17017208738582743
126.84563758389262,0.07313402569290962,1.0834384583256615e-07,0.00022323496200148249,0.7564657431604027,0.1701768878408404
127.8523489932886,0.07313402112726554,9.105953076992272e-08,0.00020810481788240451,0.7564765682429033,0.17018121475241793
128.85906040268458,0.073134016945905,7.5230010080296e-08,0.0001940961180844757,0.756486590792458,0.17018522091354246
129.86577181208054,0.07313401323057878,6.116477080096716e-08,0.00018108096903937388,0.7564959018422375,0.17018894279337352
130.87248322147653,0.0731340100291136,4.9044872528529056e-08,0.00016894811337591264,0.7565045806749469,0.17019241213769104
131.8791946308725,0.0731340073687723,3.8973525435512604e-08,0.000157600260861349,0.7565126966771009,0.17019565671974002
132.88590604026848,0.07313400525625388,3.097609027038416e-08,0.00014695408840138067,0.7565203093390241,0.17019870034023024
133.89261744966444,0.07313400367769343,2.5000078357547818e-08,0.00013694024004014886,0.7565274682548515,0.17020156282733656
134.8993288590604,0.07313400259866217,2.0915151597343706e-08,0.00012750332696023593,0.7565342131225273,0.1702042600366986
135.9060402684564,0.07313400196416744,1.851312246604881e-08,0.0001186019274826665,0.7565405737438063,0.17020680385142106
136.91275167785236,0.07313400169865274,1.7507954015877254e-08,0.00011020858706690797,0.7565465700242527,0.1702092021820735
137.91946308724835,0.07313400170599764,1.7535759874979388e-08,0.00010230981831086894,0.7565522119732412,0.1702114589666904
138.9261744966443,0.07313400186951786,1.8154804247442514e-08,9.490610095090116e-05,0.7565574997039558,0.17021357417077118
139.93288590604027,0.07313400205196527,1.8845501913290695e-08,8.801188186179768e-05,0.7565624234333908,0.17021554378728018
140.93959731543626,0.0731340020955278,1.9010418228484627e-08,8.165557505679377e-05,0.7565669634823504,0.17021735983664674
141.94630872483222,0.07313400182182957,1.7974269124921738e-08,7.587956168756752e-05,0.7565710902754487,0.170219010366765
142.9530201342282,0.07313400114085755,1.5396289106732965e-08,7.069126207326771e-05,0.7565747988641136,0.1702204933366664
143.95973154362417,0.07313400047623594,1.2880207304547338e-08,6.588185382611966e-05,0.7565782367522113,0.17022186803751926
144.96644295302013,0.07313399992654451,1.0799220809585366e-08,6.139951892078781e-05,0.756581440567493,0.1702231491878208
145.97315436241612,0.07313399950623456,9.20803840744789e-09,5.7222360452609406e-05,0.7565844258941476,0.17022434303112663
146.9798657718121,0.0731339992072381,8.07611681005894e-09,5.3329697548876934e-05,0.7565872075357467,0.17022545548334939
147.98657718120808,0.07313399899896786,7.287660655665458e-09,4.970206536883736e-05,0.7565897995152437,0.17022649213275873
148.99328859060404,0.07313399882831725,6.641622508837569e-09,4.6321215103693015e-05,0.756592215074975,0.1702274582399814
150.0,0.07313399861966043,5.851702860468393e-09,4.317011397660082e-05,0.7565944666766589,0.17022835873800116
