time,X0,X1,X2,X3
0.0,0.99,0.01,0.0,0.0
1.0067114093959733,0.9853680859864217,0.013459494256025323,0.0009379358060423672,0.0002344839515105918
2.0134228187919465,0.9791757479806662,0.018075415718473292,0.002199069040688369,0.0005497672601720923
3.0201342281879198,0.9709323618399639,0.02420535227316528,0.003889828709496632,0.000972457177374158
4.026845637583893,0.960017750791665,0.0322944829125065,0.006150213036662744,0.001537553259165686
5.033557046979866,0.9456887347815618,0.042863283434717715,0.009158385426976291,0.0022895963567440727
6.0402684563758395,0.9271112069717514,0.056472472252464455,0.013133056620627167,0.0032832641551567916
7.046979865771813,0.9031953603074147,0.07385841232729856,0.01835698189222934,0.004589245473057335
8.053691275167786,0.8729624358369691,0.09559484671093516,0.025154173961676504,0.006288543490419126
9.060402684563758,0.835652454663633,0.12199447319477201,0.03388245771327579,0.008470614428318948
10.067114093959733,0.7907308399172114,0.15312798344041867,0.04491294131389591,0.011228235328473977
11.073825503355707,0.738261289338827,0.1884865271957615,0.0586017467723292,0.0146504366930823
12.080536912751679,0.679178728358898,0.22670163209837768,0.07529571163417938,0.018823927908544844
13.087248322147651,0.6150493417592636,0.2659980923006906,0.09516205275203653,0.023790513188009132
14.093959731543626,0.5480576447726133,0.30422115376028736,0.1181769611736794,0.02954424029341985
15.1006711409396,0.4810064830824867,0.3388365142399188,0.14412560214207554,0.036031400535518884
16.107382550335572,0.41712318562997147,0.36710317766406086,0.172618909364774,0.0431547273411935
17.114093959731544,0.35829298427509165,0.38780475522964425,0.20312180839621113,0.050780452099052784
18.120805369127517,0.305563056283535,0.4007528320868085,0.23494728930372505,0.05873682232593126
19.127516778523493,0.25953222973175183,0.40613937476135165,0.2674627164055171,0.06686567910137928
20.134228187919465,0.22030131109175274,0.40456416171385673,0.3001076217555122,0.07502690543887805
21.140939597315437,0.18747308523110762,0.39703478333969194,0.33239370514336014,0.08309842628584004
22.147651006711413,0.16019723382215897,0.384931889060859,0.3638967016935855,0.09097417542339638
23.154362416107386,0.1377554585542695,0.36945578058607426,0.3942310086877249,0.09855775217193123
24.161073825503358,0.11921715305114879,0.35174105020262064,0.4232334373969844,0.1058083593492461
25.16778523489933,0.10374348736657762,0.33275262895292174,0.45080310694440046,0.11270077673610011
26.174496644295303,0.09072459248939299,0.31319887627455667,0.4768612249888402,0.11921530624721005
27.18120805369128,0.07977956034348832,0.29353158000026,0.5013510877250014,0.12533777193125034
28.18791946308725,0.07075644378781328,0.2739459563579223,0.5242380798834114,0.13105951997085286
29.194630872483224,0.06356743335998352,0.25453713873099915,0.5455163423272138,0.13637908558180345
30.2013422818792,0.057592547693884555,0.23584782801400944,0.5652476994336848,0.1413119248584212
31.208053691275172,0.052567840731822565,0.2180419481062258,0.5835121689295613,0.14587804223239031
32.214765100671144,0.0483152598364093,0.20119917205507265,0.6003884544868144,0.1500971136217036
33.22147651006712,0.044689659541150784,0.18536678330518935,0.6159548457229278,0.15398871143073195
34.22818791946309,0.041578801550447325,0.17055967569843053,0.6302892182008977,0.15757230455022442
35.234899328859065,0.03890335473959345,0.1567603534738653,0.643469033429233,0.16086725835730825
36.241610738255034,0.036610858647537964,0.14392312235504687,0.6555728151979321,0.16389320379948302
37.24832214765101,0.034619564763790654,0.13202045154869999,0.6666879869500074,0.16667199673750185
38.255033557046985,0.03288545107596844,0.12100857445737559,0.6768847795733247,0.16922119489333118
39.261744966442954,0.03137854233843065,0.11083716753790007,0.6862274320989354,0.17155685802473386
40.26845637583893,0.030070446992977427,0.10145699377214112,0.6947780473879052,0.1736945118469763
41.275167785234906,0.02893435716884981,0.09281990266700813,0.7025965921313136,0.1756491480328284
42.281879194630875,0.027945048682729696,0.08487883025445193,0.7097408968502547,0.17743522421256366
43.28859060402685,0.027078881038739806,0.07758779909146474,0.7162666558958364,0.1790666639739591
44.29530201342283,0.026313797428443753,0.07090191826008034,0.7222274274491807,0.18055685686229517
45.302013422818796,0.02562932473084599,0.06477738336737407,0.7276746335214239,0.18191865838035598
46.30872483221477,0.025006632257307586,0.059171485829887197,0.7326575055302442,0.18316437638256106
47.31543624161074,0.024440689778369846,0.054044354254407206,0.7372119647737784,0.1843029911934446
48.322147651006716,0.023932769552287188,0.04935789804212456,0.7413674659244707,0.18534186648111767
49.32885906040269,0.023478631119087164,0.04507530628154951,0.7451568500794907,0.18628921251987268
50.33557046979866,0.02307397948805594,0.04116214873340884,0.7486110974228282,0.18715277435570704
51.34228187919464,0.022714465137738303,0.037586375830645856,0.7517593272252927,0.18793983180632318
52.348993288590606,0.02239568401593766,0.03431831867842052,0.7546287978445134,0.18865719946112836
53.35570469798658,0.022113177539716047,0.03133068905410929,0.7572449067249397,0.18931122668123493
54.36241610738256,0.02186243259539411,0.028598579407305244,0.7596311903978405,0.18990779759946014
55.369127516778526,0.021638881538551123,0.026099462859818026,0.7618093244813047,0.19045233112032617
56.3758389261745,0.02143790219402497,0.023813193205673835,0.7637991236802409,0.19094978092006024
57.38255033557048,0.021254817855912173,0.02172200491111545,0.7656185417863779,0.19140463544659447
58.38926174496645,0.021084897287567864,0.01981051311460226,0.767283671678264,0.191820917919566
59.39597315436242,0.020925334908864092,0.018064719721445674,0.7688079562957522,0.19220198907393804
60.4026845637584,0.02078005732457216,0.016469601545536422,0.7702002729039131,0.19255006822597828
61.40939597315437,0.020648420013480866,0.015013669729008049,0.7714703282060089,0.19286758205150223
62.416107382550344,0.020529258260290364,0.013686147738339038,0.7726276752010964,0.1931569188002741
63.42281879194631,0.02042145401647997,0.012476665638275227,0.7736815042761959,0.19342037606904897
64.42953020134229,0.02032393590030819,0.011375260091829712,0.7746406432062897,0.19366016080157242
65.43624161073826,0.020235679196812708,0.010372374360282944,0.7755135571543235,0.19387838928858087
66.44295302013424,0.020155705857810374,0.009458858303182658,0.7763083486712056,0.1940770871678014
67.4496644295302,0.020083084501897233,0.008625968378343915,0.777032757695807,0.19425818942395176
68.45637583892618,0.02001693041444849,0.007865367641849058,0.777694161554962,0.1944235403887405
69.46308724832215,0.019956482683535275,0.007169566830977596,0.7782991603883898,0.19457479009709744
70.46979865771813,0.0199014144300287,0.006534026468700314,0.7788516472810169,0.19471291182025421
71.4765100671141,0.01985132968521308,0.005954337945450479,0.7793554658954692,0.1948388664738673
72.48322147651007,0.019805822961981908,0.005426135439312766,0.7798144332789643,0.19495360831974107
73.48993288590604,0.01976450459156411,0.0049452191344885035,0.7802322210191579,0.19505805525478948
74.49664429530202,0.01972700072352407,0.004507555221295718,0.7806123552441442,0.19515308881103605
75.503355704698,0.01969295332576162,0.004109275896169102,0.7809582166224555,0.19523955415561386
76.51006711409397,0.01966202018451206,0.0037466793616600254,0.7812730403630623,0.19531826009076558
77.51677852348995,0.019633874904346125,0.003416229826436532,0.7815599162153739,0.19538997905384348
78.52348993288591,0.01960820690817001,0.003114557505283345,0.7818217884692373,0.19545544711730933
79.53020134228188,0.019584736349189127,0.002838579673453427,0.782061347181886,0.1955153367954715
80.53691275167786,0.01956330566315669,0.002586346463878248,0.7822802782983721,0.19557006957459303
81.54362416107384,0.01954377410160018,0.0023562116070632755,0.7824800114330692,0.1956200028582673
82.55033557046981,0.019525999522470142,0.00214653994833759,0.7826619684233539,0.19566549210583847
83.55704697986577,0.01950984346655776,0.001955740062209656,0.7828275331769861,0.19570688329424651
84.56375838926175,0.01949517115749482,0.0017822642523673126,0.7829780516721103,0.19574451291802758
85.57046979865773,0.01948185150175375,0.0016246085516777862,0.7831148319572548,0.1957787079893137
86.5771812080537,0.019469757088647593,0.0014813127221876836,0.7832391441513318,0.19580978603783294
87.58389261744968,0.019458764190330016,0.0013509602551229918,0.7833522204436376,0.1958380551109094
88.59060402684565,0.019448752761795318,0.001232178370889079,0.7834552550938525,0.19586381377346312
89.59731543624162,0.01943960644087841,0.0011236380190706963,0.7835494044320408,0.1958873511080102
90.60402684563759,0.01943122421317521,0.00102418356584849,0.783635673776781,0.19590891844419525
91.61073825503357,0.019423598975873944,0.0009336928773485413,0.783714166517422,0.1959285416293555
92.61744966442954,0.019416663473467145,0.0008513564563506955,0.7837855840561457,0.19594639601403643
93.62416107382552,0.019410339459399524,0.0007762485176152744,0.7838507296183882,0.19596268240459705
94.63087248322148,0.019404558896444345,0.0007075650430981305,0.783910300848366,0.1959775752120915
95.63758389261746,0.019399263956703407,0.0006446237819506427,0.7839648898090767,0.1959912224522692
96.64429530201343,0.019394407021607055,0.0005868642505197226,0.7840149829822985,0.19600374574557464
97.65100671140941,0.019389950681914177,0.0005338477323478097,0.7840609612685904,0.1960152403171476
98.65771812080538,0.019385867737712205,0.00048525727817287363,0.7841030999872919,0.19602577499682297
99.66442953020135,0.019382141198417118,0.0004408977059284137,0.7841415688765235,0.19603539221913088
100.67114093959732,0.019378764282773436,0.0004006956007434567,0.7841764320931864,0.1960441080232966
101.6778523489933,0.019375740393371588,0.0003646990090597146,0.7842076484780549,0.19605191211951373
102.68456375838927,0.01937300290532406,0.0003321135400113299,0.7842359068437317,0.19605897671093292
103.69127516778525,0.01937048734143146,0.00030216608088720826,0.784261877262145,0.19606546931553626
104.69798657718121,0.019368196254625977,0.00027488749591796677,0.7842855329995648,0.1960713832498912
105.70469798657719,0.019366127460835915,0.00025025226367418564,0.784306896220392,0.196076724055098
106.71140939597316,0.01936427403898572,0.00022817847706641084,0.7843260379871583,0.19608150949678957
107.71812080536914,0.019362624330995986,0.00020852784334515217,0.7843430782605271,0.19608576956513177
108.72483221476512,0.019361161941783438,0.0001911056841008838,0.7843581858992925,0.19608954647482313
109.73154362416109,0.019359865739260938,0.00017566093526404441,0.78437157866038,0.196092894665095
110.73825503355705,0.019358709854337495,0.00016188614710503708,0.784383523198846,0.1960958807997115
111.74496644295303,0.019357663680918246,0.0001494174842342288,0.784394335067878,0.1960985837669695
112.751677852349,0.019356691875904473,0.00013783472560195147,0.7844043787187949,0.19610109467969872
113.75838926174498,0.019355754359193594,0.00012666126449850112,0.7844140675010464,0.1961035168752616
114.76510067114096,0.019354821668844138,0.00011554669128643441,0.7844237053118955,0.19610592632797388
115.77181208053692,0.019353950392936834,0.00010516383955303324,0.7844327086140082,0.19610817715350204
116.7785234899329,0.01935315327848541,9.566436423494335e-05,0.7844409458858237,0.19611023647145592
117.78523489932887,0.0193524304121482,8.704935060478433e-05,0.7844484161897977,0.19611210404744941
118.79194630872485,0.019351780303593018,7.930109163590464e-05,0.7844551348838169,0.19611378372095423
119.79865771812082,0.019351199885497158,7.23830880023818e-05,0.7844611336212004,0.1961152834053001
120.8053691275168,0.01935068451354739,6.624004807902244e-05,0.7844664603506989,0.19611661508767472
121.81208053691276,0.01935022796643996,6.079788794136226e-05,0.784471179316495,0.19611779482912375
122.81879194630874,0.019349822445880602,5.596373136566583e-05,0.784475371058203,0.19611884276455074
123.82550335570471,0.01934945857658452,5.162590982892697e-05,0.7844791324108693,0.19611978310271733
124.83221476510069,0.019349125406276403,4.765396250886853e-05,0.7844825765049718,0.19612064412624294
125.83892617449666,0.019348810405690413,4.3898636283942356e-05,0.7844858327664206,0.19612145819160515
126.84563758389262,0.01934849947134974,4.019191879228585e-05,0.7844890468878865,0.1961222617219716
127.8523489932886,0.019348187711316654,3.647541893257467e-05,0.7844922694958006,0.19612306737395016
128.85906040268458,0.01934788471984544,3.286338319459372e-05,0.784495401517568,0.196123850379392
129.86577181208054,0.019347596943095437,2.9432675371049994e-05,0.7844983763052268,0.1961245940763067
130.87248322147653,0.01934732978939869,2.6247785172172086e-05,0.7845011379403434,0.19612528448508584
131.8791946308725,0.019347087629259917,2.3360828225710643e-05,0.7845036412340115,0.19612591030850288
132.88590604026848,0.01934687379535655,2.081154607693773e-05,0.7845058517268533,0.19612646293171332
133.89261744966444,0.019346690582538687,1.8627306188647458e-05,0.7845077456890182,0.19612693642225454
134.8993288590604,0.01934653924782914,1.6823101941155493e-05,0.7845093101201838,0.19612732753004594
135.9060402684564,0.01934642001042339,1.5401552632299267e-05,0.7845105427495555,0.19612763568738886
136.91275167785236,0.019346332051689626,1.4352903477438111e-05,0.7845114520358664,0.1961278630089666
137.91946308724835,0.019346273515168724,1.3655025609452934e-05,0.7845120571673775,0.19612801429184437
138.9261744966443,0.01934624150657424,1.327341607874654e-05,0.7845123880618776,0.1961280970154694
139.93288590604027,0.01934623209379244,1.3161197853243383e-05,0.7845124853666835,0.19612812134167087
140.93959731543626,0.019346240306882263,1.325911981838973e-05,0.7845124004586395,0.19612810011465986
141.94630872483222,0.019346260138075347,1.3495556777153552e-05,0.784512195444118,0.1961280488610295
142.9530201342282,0.01934628454177602,1.378650945002464e-05,0.7845119431590192,0.1961279857897548
143.95973154362417,0.0193463054345613,1.4035604475014473e-05,0.7845117271687709,0.19612793179219273
144.96644295302013,0.019346313695180903,1.4134094407656308e-05,0.7845116417683292,0.1961279104420823
145.97315436241612,0.01934629916455722,1.3960857721005168e-05,0.7845117919821775,0.19612794799554437
146.9798657718121,0.019346250645785344,1.338239880563781e-05,0.7845122935643273,0.19612807339108182
147.98657718120808,0.01934616107780822,1.2314530616378102e-05,0.7845132195132604,0.1961283048783151
148.99328859060404,0.01934606946328323,1.1222257268650928e-05,0.7845141666235584,0.1961285416558896
150.0,0.01934598597544292,1.0226869363231145e-05,0.7845150297241551,0.19612875743103877
